Date,Open,High,Low,Close,AdjClose,Volume
2019-05-09,19.0,19.32,18.879999,19.219999,19.219999,1188913
2019-05-13,18.98,19.18,18.780001,19.0,19.0,1703972
2019-05-14,18.700001,19.040001,17.5,18.700001,18.700001,1442263
2019-05-15,19.0,19.219999,18.700001,18.700001,18.700001,1514663
2019-05-16,18.9,18.940001,18.68,18.76,18.76,1207816
2019-05-20,17.860001,17.9,17.299999,17.82,17.82,931701
2019-05-21,17.799999,18.120001,17.799999,18.0,18.0,570449
2019-05-22,18.1,19.18,18.1,19.0,19.0,1693822
2019-05-23,18.82,19.040001,18.52,19.0,19.0,1002468
2019-05-27,18.82,19.0,18.719999,19.0,19.0,1025187
2019-05-28,19.0,19.639999,18.860001,19.5,19.5,9636642
2019-05-29,19.48,19.5,18.959999,19.0,19.0,1287895
2019-05-30,18.959999,19.08,18.860001,18.98,18.98,896954
2019-06-03,18.959999,19.08,18.860001,18.98,18.98,896954
2019-06-04,18.98,18.98,18.98,18.98,18.98,0
2019-06-05,18.98,18.98,18.98,18.98,18.98,0
2019-06-06,18.98,18.98,18.98,18.98,18.98,0
2019-06-10,19.0,19.32,18.98,19.24,19.24,1344926
2019-06-11,19.200001,19.559999,19.1,19.559999,19.559999,1324704
2019-06-12,19.559999,20.0,19.540001,20.0,20.0,1800300
2019-06-13,19.98,19.98,19.58,19.719999,19.719999,1685357
2019-06-17,19.92,20.34,19.9,20.34,20.34,1903412
2019-06-18,20.360001,20.459999,20.08,20.26,20.26,1654483
2019-06-19,20.299999,20.360001,20.1,20.1,20.1,2415097
2019-06-20,20.18,20.360001,19.860001,20.32,20.32,3304267
2019-06-24,20.18,20.32,19.860001,20.16,20.16,909059
2019-06-25,20.1,20.34,20.040001,20.299999,20.299999,996869
2019-06-26,20.360001,20.6,20.280001,20.4,20.4,1957971
2019-06-27,20.459999,20.879999,20.459999,20.66,20.66,1464201
2019-07-01,20.799999,20.84,20.48,20.540001,20.540001,766418
2019-07-02,20.540001,20.82,20.360001,20.82,20.82,1106679
2019-07-03,20.74,20.799999,20.379999,20.52,20.52,782479
2019-07-04,20.5,20.6,20.379999,20.4,20.4,400240
2019-07-08,20.16,20.16,19.82,19.9,19.9,827989
2019-07-09,19.860001,20.08,19.639999,20.040001,20.040001,1186042
2019-07-10,20.0,20.200001,19.959999,20.200001,20.200001,626772
2019-07-11,20.200001,20.5,20.120001,20.5,20.5,870635
2019-07-15,20.58,20.58,20.459999,20.58,20.58,664196
2019-07-16,20.6,21.24,20.5,21.18,21.18,2189794
2019-07-17,21.26,21.860001,21.26,21.799999,21.799999,2548763
2019-07-18,21.620001,22.16,21.620001,21.799999,21.799999,2317599
2019-07-22,21.52,21.52,21.1,21.18,21.18,855234
2019-07-23,21.16,21.16,20.440001,20.5,20.5,1539802
2019-07-24,20.440001,20.6,20.200001,20.299999,20.299999,841069
2019-07-25,20.32,21.360001,20.1,21.34,21.34,2018655
2019-07-29,21.059999,21.219999,20.799999,20.84,20.84,663667
2019-07-30,19.9,19.9,19.0,19.0,19.0,6203897
2019-07-31,19.0,19.459999,19.0,19.4,19.4,1304352
2019-08-01,19.5,19.5,19.200001,19.219999,19.219999,692887
2019-08-05,19.0,19.26,18.84,19.26,19.26,991717
2019-08-06,19.1,19.5,18.92,19.4,19.4,1166253
2019-08-07,19.379999,19.5,19.379999,19.4,19.4,732572
2019-08-08,19.48,20.1,19.4,20.059999,20.059999,1979481
2019-08-12,20.059999,20.059999,20.059999,20.059999,20.059999,0
2019-08-13,20.059999,20.059999,20.059999,20.059999,20.059999,0
2019-08-14,20.059999,20.059999,20.059999,20.059999,20.059999,0
2019-08-15,20.059999,20.059999,20.059999,20.059999,20.059999,0
2019-08-19,20.200001,20.42,20.200001,20.200001,20.200001,563342
2019-08-20,20.16,20.4,20.16,20.34,20.34,1038160
2019-08-21,20.34,20.379999,20.24,20.24,20.24,1109247
2019-08-22,20.219999,20.24,20.18,20.24,20.24,1254759
2019-08-26,19.9,20.4,19.5,20.4,20.4,887731
2019-08-27,20.440001,20.440001,19.76,19.959999,19.959999,10380616
2019-08-28,19.860001,19.959999,19.68,19.780001,19.780001,1320034
2019-08-29,19.780001,20.0,19.639999,19.82,19.82,629609
2019-09-02,19.84,19.959999,19.68,19.879999,19.879999,836886
2019-09-03,19.940001,20.440001,19.700001,20.280001,20.280001,1011446
2019-09-04,20.200001,20.299999,19.98,20.16,20.16,717982
2019-09-05,20.120001,20.299999,19.9,20.0,20.0,588062
2019-09-09,20.0,20.08,19.92,19.98,19.98,270991
2019-09-10,20.0,20.059999,19.52,19.74,19.74,632560
2019-09-11,19.559999,19.559999,19.1,19.48,19.48,550586
2019-09-12,19.200001,19.52,19.200001,19.42,19.42,341261
2019-09-16,18.74,18.799999,18.379999,18.799999,18.799999,760988
2019-09-17,18.6,18.700001,18.1,18.4,18.4,917266
2019-09-18,18.6,18.799999,18.4,18.5,18.5,696040
2019-09-19,18.5,19.4,18.5,19.4,19.4,2332249
2019-09-24,19.26,20.040001,19.02,20.040001,20.040001,742211
2019-09-25,20.0,20.02,19.42,19.799999,19.799999,1126917
2019-09-26,19.84,19.9,19.68,19.9,19.9,533734
2019-09-30,19.799999,19.879999,19.700001,19.860001,19.860001,685875
2019-10-01,19.860001,19.860001,19.6,19.6,19.6,328208
2019-10-02,19.6,19.6,19.440001,19.440001,19.440001,317490
2019-10-03,19.440001,19.440001,19.280001,19.440001,19.440001,351029
2019-10-07,19.9,19.92,19.700001,19.860001,19.860001,488117
2019-10-08,19.879999,20.0,19.6,19.860001,19.860001,424292
2019-10-09,19.74,19.84,19.5,19.6,19.6,294647
2019-10-10,19.42,19.48,19.18,19.42,19.42,597457
2019-10-14,19.440001,19.74,19.24,19.719999,19.719999,1327589
2019-10-15,19.52,19.700001,19.200001,19.4,19.4,530359
2019-10-16,19.440001,19.719999,19.059999,19.719999,19.719999,729570
2019-10-17,19.6,19.700001,19.4,19.66,19.66,411999
2019-10-21,19.98,20.0,19.82,19.98,19.98,270495
2019-10-22,19.98,20.360001,19.940001,20.299999,20.299999,859150
2019-10-23,20.34,20.34,20.02,20.200001,20.200001,456193
2019-10-24,20.1,20.360001,20.02,20.299999,20.299999,615445
2019-10-28,20.24,20.24,20.0,20.120001,20.120001,293819
2019-10-29,20.4,21.02,20.1,20.1,20.1,3102830
2019-10-30,20.26,20.98,20.1,20.74,20.74,1537046
2019-10-31,20.74,20.860001,20.1,20.1,20.1,1499098
2019-11-04,20.200001,20.620001,20.120001,20.440001,20.440001,1610904
2019-11-05,20.440001,20.74,20.299999,20.58,20.58,2396174
2019-11-06,20.58,20.68,20.299999,20.360001,20.360001,1034728
2019-11-07,20.4,20.58,20.120001,20.34,20.34,1589841
2019-11-11,20.58,20.719999,20.48,20.540001,20.540001,1234189
2019-11-12,20.52,20.66,20.459999,20.52,20.52,578879
2019-11-13,20.52,20.52,20.219999,20.299999,20.299999,667013
2019-11-14,20.34,20.4,20.219999,20.34,20.34,591121
2019-11-18,20.24,20.280001,20.08,20.16,20.16,751280
2019-11-19,20.120001,20.16,19.860001,20.0,20.0,1258636
2019-11-20,19.959999,20.08,19.879999,20.059999,20.059999,950671
2019-11-21,20.02,20.1,19.799999,19.82,19.82,941484
2019-11-25,19.700001,19.700001,19.42,19.58,19.58,463775
2019-11-26,19.459999,19.5,19.0,19.0,19.0,1394084
2019-11-27,19.18,19.200001,18.92,19.0,19.0,562278
2019-11-28,19.0,19.6,18.959999,19.26,19.26,481292
2019-12-02,19.299999,19.299999,19.040001,19.200001,19.200001,407498
2019-12-03,19.120001,19.26,19.059999,19.24,19.24,508576
2019-12-04,19.24,19.24,19.040001,19.059999,19.059999,280769
2019-12-05,19.059999,19.18,19.02,19.02,19.02,272247
2019-12-09,19.6,19.92,19.6,19.719999,19.719999,1053230
2019-12-10,19.74,19.84,19.58,19.700001,19.700001,897144
2019-12-11,19.76,20.219999,19.76,19.84,19.84,4234795
2019-12-12,19.9,19.9,19.08,19.1,19.1,2031653
2019-12-16,19.360001,19.84,19.299999,19.68,19.68,1508586
2019-12-17,19.700001,19.799999,19.540001,19.799999,19.799999,1957919
2019-12-18,19.780001,20.860001,19.68,20.860001,20.860001,7388837
2019-12-19,20.860001,21.059999,20.440001,20.440001,20.440001,3673927
2019-12-23,20.6,21.1,20.58,20.82,20.82,2444945
2019-12-24,20.940001,21.48,20.84,21.48,21.48,5102771
2019-12-25,21.48,21.860001,21.219999,21.58,21.58,3299517
2019-12-26,21.58,21.860001,21.219999,21.84,21.84,1934712
2019-12-30,21.9,21.9,21.540001,21.559999,21.559999,1091103
2019-12-31,21.5,21.719999,21.4,21.66,21.66,914748
2020-01-01,21.68,21.84,21.559999,21.6,21.6,1145113
2020-01-02,21.559999,22.120001,21.48,22.1,22.1,2111871
2020-01-06,21.299999,21.379999,20.82,21.0,21.0,1868408
2020-01-07,21.040001,21.24,20.700001,20.76,20.76,1224803
2020-01-08,20.299999,20.620001,20.0,20.52,20.52,1671970
2020-01-09,20.9,21.559999,20.9,21.540001,21.540001,1755129
2020-01-13,21.6,22.860001,21.559999,22.48,22.48,4282241
2020-01-14,22.48,22.700001,22.219999,22.42,22.42,2735644
2020-01-15,22.42,22.48,21.84,21.940001,21.940001,2754091
2020-01-16,21.940001,21.959999,21.459999,21.559999,21.559999,2308750
2020-01-20,21.5,21.6,21.459999,21.540001,21.540001,1135557
2020-01-21,21.5,21.82,21.4,21.6,21.6,2449141
2020-01-22,21.6,21.780001,21.48,21.540001,21.540001,1344622
2020-01-23,21.4,21.4,20.9,21.16,21.16,1498484
2020-01-27,20.42,20.42,19.959999,20.02,20.02,3637038
2020-01-28,20.040001,20.200001,19.860001,19.9,19.9,1100125
2020-01-29,19.76,20.040001,19.620001,19.719999,19.719999,1079820
2020-01-30,19.76,20.040001,19.6,20.0,20.0,858274
2020-02-03,19.700001,19.799999,19.4,19.540001,19.540001,656034
2020-02-04,19.540001,19.66,19.459999,19.48,19.48,586276
2020-02-05,19.52,19.540001,18.9,18.92,18.92,1514091
2020-02-06,19.02,19.1,18.76,18.84,18.84,1263481
2020-02-10,18.299999,18.4,18.040001,18.299999,18.299999,912542
2020-02-11,18.32,18.32,17.780001,17.799999,17.799999,1487062
2020-02-12,17.799999,17.84,17.6,17.84,17.84,1816614
2020-02-13,16.1,16.66,16.059999,16.059999,16.059999,4278221
2020-02-17,15.66,15.82,15.5,15.7,15.7,1773811
2020-02-18,15.7,15.74,15.56,15.7,15.7,823300
2020-02-19,15.76,16.26,15.68,16.26,16.26,1730860
2020-02-20,16.280001,16.719999,16.280001,16.620001,16.620001,1607375
2020-02-24,16.48,16.48,15.6,15.68,15.68,1552343
2020-02-25,15.5,15.8,15.4,15.76,15.76,1076242
2020-02-26,15.64,15.8,15.42,15.8,15.8,1108216
2020-02-27,15.8,15.8,15.8,15.8,15.8,0
2020-03-02,15.1,15.54,14.78,14.92,14.92,2160458
2020-03-03,15.1,15.4,15.1,15.26,15.26,961196
2020-03-04,15.26,15.26,15.26,15.26,15.26,0
2020-03-05,15.18,15.18,14.8,14.8,14.8,1328273
2020-03-09,12.0,12.0,12.0,12.0,12.0,650689
2020-03-10,12.42,13.08,11.94,12.8,12.8,5211195
2020-03-11,12.88,12.88,11.8,12.0,12.0,4036191
2020-03-12,11.48,11.48,10.9,11.0,11.0,5625278
2020-03-16,10.1,10.26,9.92,9.92,9.92,4129371
2020-03-17,9.97,10.18,9.92,9.98,9.98,4030951
2020-03-18,9.97,10.16,9.9,10.06,10.06,3796332
2020-03-19,10.0,10.62,9.9,10.36,10.36,6481307
2020-03-23,10.06,10.08,9.82,9.92,9.92,2460384
2020-03-24,10.1,10.28,10.04,10.2,10.2,2549880
2020-03-25,10.5,10.74,10.18,10.36,10.36,4483990
2020-03-26,10.4,10.52,10.38,10.52,10.52,1225503
2020-03-30,10.5,10.56,10.4,10.42,10.42,1213227
2020-03-31,10.48,10.8,10.48,10.7,10.7,2405955
2020-04-01,10.74,11.16,10.62,11.1,11.1,2590485
2020-04-02,11.22,12.2,11.22,12.2,12.2,7174183
2020-04-06,13.44,14.62,13.18,14.62,14.62,8887305
2020-04-07,14.8,15.86,14.76,15.2,15.2,11513106
2020-04-08,15.32,15.36,14.1,14.76,14.76,6047591
2020-04-09,14.78,15.12,14.5,14.88,14.88,3381626
2020-04-13,14.4,14.5,13.7,13.96,13.96,3719443
2020-04-14,14.04,14.08,13.5,13.72,13.72,3724230
2020-04-15,13.5,13.6,13.04,13.04,13.04,3294942
2020-04-16,13.0,13.52,12.66,13.26,13.26,6006380
2020-04-20,14.2,14.2,13.72,13.82,13.82,3082431
2020-04-21,13.1,13.56,12.98,13.06,13.06,5773575
2020-04-22,12.9,13.46,12.8,13.46,13.46,4076134
2020-04-23,13.78,13.82,13.5,13.62,13.62,2798159
2020-04-27,14.1,14.1,13.8,13.82,13.82,1894863
2020-04-28,13.3,13.6,13.12,13.48,13.48,3496517
2020-04-29,13.6,13.6,13.46,13.54,13.54,2001444
2020-04-30,13.72,13.76,13.56,13.7,13.7,2776394
2020-05-04,12.1,13.02,12.1,12.94,12.94,3661067
2020-05-05,13.32,13.68,13.3,13.44,13.44,2138498
2020-05-06,13.7,13.92,13.44,13.5,13.5,2427013
2020-05-07,13.5,13.5,13.08,13.08,13.08,1858037
2020-05-11,12.3,13.16,12.3,13.06,13.06,2261745
2020-05-12,13.14,13.66,13.02,13.26,13.26,3265079
2020-05-13,13.32,13.44,13.2,13.2,13.2,1374303
2020-05-14,13.12,13.28,13.1,13.18,13.18,703512
2020-05-18,13.54,13.8,13.54,13.7,13.7,3183553
2020-05-19,13.78,13.92,13.7,13.7,13.7,2678896
2020-05-20,13.74,13.74,13.4,13.42,13.42,2076891
2020-05-21,13.66,13.66,13.44,13.5,13.5,1879418
2020-06-01,13.94,14.34,13.8,14.18,14.18,4765719
2020-06-02,14.2,14.34,14.14,14.14,14.14,2240626
2020-06-03,14.22,14.3,13.88,13.92,13.92,2058992
2020-06-04,13.86,13.98,13.6,13.84,13.84,2068694
2020-06-08,14.1,14.16,13.98,14.02,14.02,1881031
2020-06-09,14.04,14.04,13.88,13.88,13.88,1649554
2020-06-10,13.96,14.0,13.74,13.94,13.94,2134116
2020-06-11,13.88,13.92,13.78,13.9,13.9,1053295
2020-06-15,13.76,13.84,13.74,13.8,13.8,801710
2020-06-16,13.92,14.1,13.9,13.9,13.9,2638838
2020-06-17,13.9,14.02,13.82,13.88,13.88,1358813
2020-06-18,13.92,14.0,13.82,13.96,13.96,2330147
2020-06-22,13.86,13.88,13.5,13.5,13.5,1264088
2020-06-23,13.5,13.66,13.44,13.6,13.6,723919
2020-06-24,13.62,13.62,13.36,13.38,13.38,916371
2020-06-25,13.4,13.42,13.3,13.4,13.4,693979
2020-06-29,13.36,13.54,13.32,13.46,13.46,1354838
2020-06-30,13.48,13.66,13.46,13.46,13.46,1673292
2020-07-01,13.4,13.56,13.38,13.46,13.46,642358
2020-07-02,13.56,13.7,13.44,13.44,13.44,1359884
2020-07-06,13.52,13.98,13.5,13.76,13.76,4519897
2020-07-07,13.8,14.0,13.72,13.72,13.72,3450251
2020-07-08,13.72,13.82,13.58,13.6,13.6,1807695
2020-07-09,13.72,13.72,13.5,13.6,13.6,2672583
2020-07-13,13.62,13.66,13.46,13.48,13.48,1819253
2020-07-14,13.5,13.5,13.3,13.36,13.36,1479997
2020-07-15,13.4,13.66,13.38,13.6,13.6,2396232
2020-07-16,13.62,13.74,13.48,13.48,13.48,2964986
2020-07-20,13.46,13.46,12.8,13.1,13.1,4312451
2020-07-21,13.14,13.2,13.08,13.16,13.16,2254591
2020-07-22,13.2,13.22,13.0,13.14,13.14,2268448
2020-07-23,13.12,13.12,12.98,13.06,13.06,1416761
2020-07-27,12.82,12.98,12.8,12.98,12.98,817550
2020-07-28,12.6,12.84,12.44,12.76,12.76,4189338
2020-08-05,12.76,12.86,12.7,12.8,12.8,1572603
2020-08-06,12.84,12.84,12.66,12.66,12.66,1755372
2020-08-10,12.7,12.74,12.64,12.7,12.7,1379283
2020-08-11,12.7,13.3,12.68,13.16,13.16,7092378
2020-08-12,13.2,13.22,13.0,13.12,13.12,2135171
2020-08-13,13.12,13.12,13.12,13.12,13.12,0
2020-08-17,13.24,13.28,12.94,13.16,13.16,2540039
2020-08-18,13.2,13.34,13.1,13.34,13.34,3291330
2020-08-19,13.4,13.44,13.26,13.38,13.38,3956146
2020-08-20,13.36,13.38,13.24,13.3,13.3,1868244
2020-08-24,13.36,13.56,13.3,13.5,13.5,4249866
2020-08-25,13.6,13.6,13.42,13.42,13.42,3238999
2020-08-26,13.38,13.5,13.3,13.4,13.4,2963492
2020-08-27,13.4,13.44,13.24,13.24,13.24,3609746
2020-08-31,13.34,14.5,13.2,14.28,14.28,17170275
2020-09-01,14.38,15.12,14.38,14.44,14.44,21783339
2020-09-02,14.38,14.74,14.2,14.44,14.44,8289348
2020-09-03,14.4,14.54,14.16,14.24,14.24,5713120
2020-09-07,14.24,14.4,14.16,14.2,14.2,5740981
2020-09-08,14.24,14.26,13.9,13.9,13.9,5361512
2020-09-09,13.8,14.2,13.62,14.1,14.1,6303412
2020-09-10,14.12,14.38,13.96,14.0,14.0,8322050
2020-09-14,14.16,14.34,13.94,14.26,14.26,11602450
2020-09-15,14.4,14.44,14.12,14.2,14.2,11738147
2020-09-16,14.3,14.66,14.18,14.22,14.22,18073293
2020-09-17,14.32,14.5,14.12,14.28,14.28,8158354
2020-09-21,14.24,14.56,14.16,14.28,14.28,20509338
2020-09-22,14.22,14.4,14.2,14.24,14.24,8326456
2020-09-24,14.22,14.42,14.18,14.24,14.24,7420148
2020-09-28,14.62,15.48,14.56,14.96,14.96,23391855
2020-09-29,15.2,15.5,14.86,15.02,15.02,13611803
2020-09-30,15.02,15.68,14.9,15.64,15.64,15172166
2020-10-01,16.32,16.74,15.9,16.34,16.34,26488520
2020-10-05,15.48,15.74,14.9,15.6,15.6,10504536
2020-10-06,15.88,15.9,15.58,15.78,15.78,5744917
2020-10-07,15.8,15.82,15.5,15.64,15.64,4009426
2020-10-08,15.64,16.1,15.44,15.96,15.96,10959823
2020-10-12,16.219999,16.219999,15.88,15.94,15.94,6007016
2020-10-13,15.92,16.040001,15.9,15.92,15.92,3417001
2020-10-14,15.94,15.94,15.72,15.84,15.84,4179604
2020-10-15,15.76,15.76,15.5,15.56,15.56,3430514
2020-10-19,15.6,15.72,15.52,15.52,15.52,2165272
2020-10-20,15.42,15.44,15.04,15.18,15.18,3354938
2020-10-21,15.22,15.46,15.18,15.26,15.26,2923089
2020-10-22,15.2,15.24,14.96,15.06,15.06,3139455
2020-10-26,13.34,14.3,13.2,13.98,13.98,3985641
2020-10-27,13.8,13.82,13.26,13.32,13.32,5780698
2020-10-28,13.46,13.46,12.74,12.8,12.8,4260428
2020-10-29,12.5,12.5,12.04,12.18,12.18,5126566
2020-11-02,12.16,12.66,12.16,12.6,12.6,2774835
2020-11-03,12.68,12.76,12.48,12.54,12.54,1868099
2020-11-04,12.62,12.98,12.62,12.88,12.88,1730725
2020-11-05,12.88,12.88,12.6,12.7,12.7,1171227
2020-11-09,13.02,13.42,13.02,13.4,13.4,3331713
2020-11-10,13.8,13.96,13.32,13.62,13.62,5425827
2020-11-11,13.74,13.94,13.58,13.82,13.82,3609398
2020-11-12,13.84,13.88,13.6,13.78,13.78,1664115
2020-11-16,13.8,13.8,13.58,13.72,13.72,2178960
2020-11-17,13.8,14.18,13.74,13.96,13.96,7379751
2020-11-18,14.02,14.1,13.84,13.94,13.94,2349122
2020-11-19,13.92,13.94,13.74,13.86,13.86,1783882
2020-11-23,13.66,13.96,13.56,13.82,13.82,2870913
2020-11-24,13.82,14.02,13.82,13.86,13.86,3336481
2020-11-25,13.94,14.18,13.92,14.1,14.1,5166290
2020-11-26,13.88,14.14,13.8,14.06,14.06,3919786
2020-11-30,14.16,14.2,14.02,14.2,14.2,3347932
2020-12-01,14.12,14.24,14.04,14.12,14.12,2551490
2020-12-02,14.1,14.14,13.96,14.02,14.02,2193011
2020-12-03,14.08,14.08,13.86,13.98,13.98,1610280
2020-12-07,13.6,13.72,13.44,13.72,13.72,1904183
2020-12-08,13.74,14.18,13.68,14.1,14.1,4914612
2020-12-09,14.14,14.66,14.08,14.56,14.56,9271714
2020-12-10,14.56,14.84,14.42,14.5,14.5,6885008
2020-12-14,14.28,14.34,14.16,14.32,14.32,2353994
2020-12-15,14.32,14.4,14.18,14.18,14.18,3243712
2020-12-16,14.26,14.32,14.2,14.22,14.22,2221575
2020-12-17,14.28,14.46,14.2,14.26,14.26,3736342
2020-12-21,13.04,13.7,13.04,13.3,13.3,4286772
2020-12-22,13.42,13.8,13.4,13.8,13.8,2833453
2020-12-23,13.86,13.96,13.74,13.86,13.86,2518554
2020-12-24,13.86,14.06,13.8,13.94,13.94,2983592
2020-12-28,14.18,14.34,14.06,14.14,14.14,3004545
2020-12-29,14.14,14.22,13.96,14.1,14.1,1693537
2020-12-30,14.06,14.08,13.86,13.98,13.98,1513609
2020-12-31,13.94,13.94,13.82,13.82,13.82,1383550
2021-01-04,13.72,14.0,13.7,13.82,13.82,2095563
2021-01-05,14.0,14.0,13.78,13.82,13.82,1543457
2021-01-06,13.9,14.28,13.86,14.0,14.0,4095493
2021-01-07,14.0,14.52,14.0,14.36,14.36,9817547
2021-01-11,15.0,15.16,14.88,14.92,14.92,4499273
2021-01-12,14.88,14.94,14.8,14.88,14.88,1456140
2021-01-13,14.86,14.94,14.78,14.86,14.86,1792637
2021-01-14,14.82,14.82,14.64,14.68,14.68,1181476
2021-01-18,14.46,14.54,14.34,14.5,14.5,1338720
2021-01-19,14.5,14.56,14.36,14.4,14.4,1013276
2021-01-20,14.42,14.6,14.3,14.42,14.42,1451708
2021-01-21,14.44,14.54,14.36,14.36,14.36,928009
2021-01-25,14.22,14.26,14.12,14.12,14.12,861294
2021-01-26,14.1,14.1,13.92,13.96,13.96,1391722
2021-01-27,14.0,14.04,13.9,13.94,13.94,896285
2021-01-28,13.9,14.08,13.76,14.04,14.04,1516064
2021-02-01,13.8,13.84,13.7,13.72,13.72,1150587
2021-02-02,13.74,13.84,13.4,13.64,13.64,1416308
2021-02-03,13.6,13.6,13.42,13.46,13.46,1282606
2021-02-04,13.4,13.4,13.12,13.34,13.34,1391701
2021-02-08,13.78,14.0,13.78,14.0,14.0,1521576
2021-02-09,14.0,14.1,13.86,13.94,13.94,1427800
2021-02-10,13.96,14.0,13.8,13.9,13.9,1279322
2021-02-11,13.9,13.94,13.82,13.86,13.86,707094
2021-02-15,13.92,13.96,13.84,13.88,13.88,1620403
2021-02-16,13.9,14.12,13.86,14.06,14.06,2499867
2021-02-17,14.06,14.32,14.06,14.3,14.3,2783385
2021-02-18,14.14,14.26,13.94,14.06,14.06,3260147
2021-02-22,13.84,14.02,13.72,13.94,13.94,2984855
2021-02-23,13.96,14.06,13.86,14.04,14.04,3176608
2021-02-24,14.06,14.66,13.8,14.12,14.12,9132051
2021-02-25,14.38,14.68,14.1,14.58,14.58,7656549
2021-03-01,14.3,14.52,14.26,14.3,14.3,2672981
2021-03-02,14.36,14.94,14.34,14.58,14.58,6354287
2021-03-03,14.62,14.94,14.6,14.74,14.74,4475452
2021-03-04,14.7,14.72,14.46,14.5,14.5,2195447
2021-03-08,14.92,15.2,14.86,15.04,15.04,7547897
2021-03-09,15.04,15.1,14.82,14.9,14.9,2871621
2021-03-10,14.86,15.12,14.78,14.8,14.8,3858802
2021-03-11,14.9,15.06,14.88,15.0,15.0,3448060
2021-03-15,15.44,16.0,15.3,15.72,15.72,5747229
2021-03-16,15.74,17.280001,15.74,17.280001,17.280001,19827607
2021-03-17,17.9,18.280001,16.959999,17.6,17.6,26643790
2021-03-18,17.58,17.58,16.959999,17.120001,17.120001,10188107
2021-03-22,16.879999,17.700001,16.68,17.139999,17.139999,10615303
2021-03-23,17.280001,17.52,16.84,16.940001,16.940001,7063358
2021-03-24,16.84,17.18,16.5,17.02,17.02,3060979
2021-03-25,17.139999,17.26,16.879999,16.959999,16.959999,3685527
2021-03-29,16.84,17.18,16.82,17.040001,17.040001,4221560
2021-03-30,17.040001,17.120001,16.860001,16.940001,16.940001,2088434
2021-03-31,17.1,17.16,16.780001,16.9,16.9,3510765
2021-04-01,16.9,16.98,16.76,16.879999,16.879999,1908477
2021-04-05,17.1,18.0,16.98,17.5,17.5,8495926
2021-04-06,17.58,17.74,17.42,17.5,17.5,3501272
2021-04-07,17.5,17.5,17.5,17.5,17.5,0
2021-04-08,17.58,17.66,17.280001,17.360001,17.360001,2357876
2021-04-12,17.780001,17.84,17.6,17.68,17.68,1927336
2021-04-13,17.68,17.719999,17.440001,17.48,17.48,1204307
2021-04-14,17.48,17.5,17.32,17.440001,17.440001,924726
2021-04-15,17.620001,18.0,17.42,17.940001,17.940001,3158338
2021-04-19,18.5,18.5,18.24,18.32,18.32,2816475
2021-04-20,18.32,18.32,17.92,18.1,18.1,1964684
2021-04-21,18.1,18.799999,17.92,18.68,18.68,4986754
2021-04-22,18.700001,18.719999,18.360001,18.5,18.5,2155121
2021-04-26,18.6,19.120001,18.4,19.120001,19.120001,4018017
2021-04-27,19.120001,19.440001,19.0,19.219999,19.219999,2755312
2021-04-28,20.200001,21.139999,20.200001,20.84,20.84,12030369
2021-04-29,21.0,21.280001,20.4,20.52,20.52,10500201
2021-05-03,20.219999,21.0,19.98,20.860001,20.860001,5919483
2021-05-04,20.860001,21.0,20.52,20.799999,20.799999,2669784
2021-05-05,20.82,21.0,20.52,20.940001,20.940001,1984247
2021-05-06,20.9,21.559999,20.719999,21.0,21.0,3614917
2021-05-10,21.26,21.6,21.1,21.4,21.4,2138160
2021-05-17,21.34,22.32,21.32,22.26,22.26,4463391
2021-05-18,22.24,22.860001,22.1,22.440001,22.440001,3488838
2021-05-19,22.440001,22.58,22.16,22.379999,22.379999,2895696
2021-05-20,22.299999,22.299999,22.059999,22.1,22.1,1698071
2021-05-24,21.5,22.040001,21.48,21.959999,21.959999,1936784
2021-05-25,22.0,22.459999,21.84,22.4,22.4,3093880
2021-05-26,22.4,22.799999,22.299999,22.76,22.76,2730615
2021-05-27,22.700001,23.0,22.639999,23.0,23.0,3420641
2021-05-31,22.6,22.66,22.34,22.459999,22.459999,1382907
2021-06-01,22.440001,22.98,22.440001,22.84,22.84,2193205
2021-06-02,22.9,23.0,22.6,22.879999,22.879999,1371442
2021-06-03,22.84,22.940001,22.700001,22.780001,22.780001,988893
2021-06-07,22.440001,22.5,22.280001,22.459999,22.459999,1519645
2021-06-08,22.280001,22.42,21.48,22.32,22.32,2633168
2021-06-09,22.4,22.5,21.84,22.0,22.0,2586585
2021-06-10,22.059999,22.1,21.76,21.879999,21.879999,1681543
2021-06-14,21.620001,22.1,21.0,21.82,21.82,2633285
2021-06-15,21.82,22.1,21.58,21.639999,21.639999,1626471
2021-06-16,21.68,21.98,21.5,21.959999,21.959999,902487
2021-06-17,22.0,22.459999,21.9,22.040001,22.040001,2984298
2021-06-21,21.879999,22.0,21.74,21.98,21.98,1234527
2021-06-22,22.0,22.16,21.98,22.02,22.02,1174396
2021-06-23,22.02,22.059999,21.879999,21.879999,21.879999,986084
2021-06-24,21.82,22.139999,21.82,22.139999,22.139999,1403989
2021-06-28,22.68,22.719999,22.34,22.42,22.42,1232428
2021-06-29,22.4,22.66,22.16,22.6,22.6,1820425
2021-06-30,22.6,23.68,22.559999,23.5,23.5,7169615
2021-07-01,23.5,24.1,23.48,23.9,23.9,4374427
2021-07-05,24.5,24.639999,24.0,24.1,24.1,2768674
2021-07-06,24.139999,25.450001,24.120001,25.1,25.1,6552242
2021-07-07,25.5,26.950001,25.5,26.950001,26.950001,7739801
2021-07-08,27.0,27.049999,25.75,26.0,26.0,6374494
2021-07-12,26.15,26.450001,25.4,26.25,26.25,2545203
2021-07-13,26.4,26.450001,26.0,26.25,26.25,1968336
2021-07-14,26.25,26.5,25.950001,26.5,26.5,1566431
2021-07-15,26.5,28.0,26.200001,27.5,27.5,6812766
2021-07-26,28.0,28.049999,27.35,27.6,27.6,2298471
2021-07-27,27.75,27.75,26.950001,27.049999,27.049999,2943841
2021-07-28,26.5,26.700001,25.799999,25.950001,25.950001,9675281
2021-07-29,25.950001,26.25,25.6,25.950001,25.950001,3045026
2021-08-02,25.700001,25.950001,25.6,25.85,25.85,1512116
2021-08-03,25.700001,25.9,25.549999,25.6,25.6,1383032
2021-08-04,25.549999,25.549999,24.799999,24.879999,24.879999,2378370
2021-08-05,24.700001,25.549999,24.4,25.4,25.4,3291370
2021-08-09,25.6,25.6,24.98,25.049999,25.049999,1662509
2021-08-10,25.25,25.450001,24.9,24.940001,24.940001,2198150
2021-08-11,24.959999,25.1,24.799999,24.9,24.9,1107966
2021-08-12,24.9,24.959999,24.48,24.48,24.48,1988580
2021-08-16,24.879999,25.049999,24.540001,24.559999,24.559999,1329752
2021-08-17,24.5,24.74,24.440001,24.700001,24.700001,1298748
2021-08-18,24.719999,24.719999,24.280001,24.280001,24.280001,1200774
2021-08-19,24.1,24.139999,23.4,23.4,23.4,2805349
2021-08-23,23.1,23.440001,22.959999,23.059999,23.059999,1217081
2021-08-24,23.200001,24.040001,23.0,24.040001,24.040001,2598255
2021-08-25,24.16,24.860001,24.059999,24.440001,24.440001,3204824
2021-08-26,24.440001,24.799999,24.24,24.5,24.5,1066449
2021-08-30,24.879999,24.98,24.719999,24.98,24.98,914401
2021-08-31,24.9,25.15,24.620001,24.620001,24.620001,1747372
2021-09-01,24.700001,25.299999,24.700001,25.25,25.25,1867030
2021-09-02,25.25,25.549999,25.200001,25.4,25.4,1667784
2021-09-06,25.6,26.65,25.6,26.549999,26.549999,5382317
2021-09-07,26.6,26.85,26.15,26.85,26.85,3244417
2021-09-08,26.9,27.1,26.700001,26.9,26.9,2364089
2021-09-09,26.799999,26.799999,26.299999,26.299999,26.299999,1728412
2021-09-13,25.85,27.049999,25.700001,26.950001,26.950001,2699934
2021-09-14,27.1,27.450001,26.85,27.15,27.15,1988748
2021-09-15,27.15,27.450001,26.549999,27.049999,27.049999,1979129
2021-09-16,27.1,27.200001,26.5,26.549999,26.549999,1914294
2021-09-20,26.9,26.9,26.6,26.85,26.85,1669003
2021-09-21,26.65,27.299999,26.4,26.799999,26.799999,4382472
2021-09-22,26.9,27.1,26.65,26.75,26.75,1787325
2021-09-27,27.0,28.15,26.950001,28.15,28.15,9529494
2021-09-28,28.1,28.5,27.5,27.65,27.65,7781443
2021-09-29,27.6,27.75,27.299999,27.450001,27.450001,2454503
2021-09-30,27.65,28.299999,27.65,28.0,28.0,3569098
2021-10-04,28.35,28.4,27.299999,27.5,27.5,3054807
2021-10-05,27.549999,28.15,27.549999,28.1,28.1,1882467
2021-10-06,28.1,28.5,27.6,28.049999,28.049999,3545783
2021-10-07,28.0,28.200001,27.549999,27.9,27.9,2561363
2021-10-11,27.35,27.35,27.35,27.35,27.35,0
2021-10-12,27.0,27.1,26.25,26.5,26.5,4801165
2021-10-13,26.5,27.4,26.5,27.35,27.35,3486166
2021-10-14,27.35,29.0,27.35,29.0,29.0,7052193
2021-10-18,30.299999,31.1,30.299999,30.950001,30.950001,6428105
2021-10-19,30.85,30.950001,29.4,30.0,30.0,9093202
2021-10-20,30.1,32.450001,29.700001,32.450001,32.450001,10760639
2021-10-21,32.599998,33.0,31.75,32.25,32.25,6448927
2021-10-25,33.849998,34.650002,33.349998,33.900002,33.900002,4717289
2021-10-26,33.599998,34.0,33.25,33.299999,33.299999,3131819
2021-10-27,30.0,30.0,30.0,30.0,30.0,4080784
2021-10-28,28.299999,29.549999,27.5,28.5,28.5,22932845
2021-11-01,26.799999,27.4,26.5,26.9,26.9,6886448
2021-11-02,27.0,27.35,26.700001,26.799999,26.799999,4058125
2021-11-03,26.9,26.9,25.9,26.200001,26.200001,4729814
2021-11-04,26.15,26.549999,25.9,26.549999,26.549999,3541340
2021-11-08,27.85,27.85,26.85,27.0,27.0,3504906
2021-11-09,26.950001,27.200001,26.5,27.200001,27.200001,2401220
2021-11-10,27.200001,27.25,26.75,27.0,27.0,1015656
2021-11-11,27.0,27.200001,26.85,26.950001,26.950001,1612566
2021-11-15,26.700001,26.700001,25.65,25.799999,25.799999,2668334
2021-11-16,25.85,25.9,25.1,25.200001,25.200001,2830384
2021-11-17,25.299999,25.65,25.0,25.299999,25.299999,2078511
2021-11-18,25.299999,25.299999,25.299999,25.299999,25.299999,0
2021-11-22,24.02,24.1,22.92,22.959999,22.959999,4554115
2021-11-23,22.959999,23.6,22.9,23.58,23.58,3044853
2021-11-24,24.0,24.700001,23.780001,24.08,24.08,3318943
2021-11-25,24.08,24.379999,23.52,23.52,23.52,2339987
2021-11-29,21.700001,21.84,21.139999,21.440001,21.440001,6919045
2021-11-30,21.18,22.139999,20.9,22.0,22.0,4692435
2021-12-01,22.1,22.34,21.559999,21.76,21.76,2755416
2021-12-02,21.68,21.940001,21.4,21.4,21.4,2879069
2021-12-06,23.879999,24.719999,23.52,24.02,24.02,8032074
2021-12-07,24.1,24.48,22.16,22.32,22.32,13222274
2021-12-08,22.32,22.6,21.540001,21.76,21.76,10233340
2021-12-09,21.76,21.92,21.200001,21.540001,21.540001,4126335
2021-12-13,22.120001,22.379999,21.860001,21.879999,21.879999,3459135
2021-12-14,21.9,21.9,21.559999,21.66,21.66,1847768
2021-12-15,21.700001,22.059999,21.620001,21.9,21.9,2102749
2021-12-16,22.1,22.360001,22.0,22.139999,22.139999,4484641
2021-12-20,21.34,21.379999,20.58,20.719999,20.719999,5101345
2021-12-21,21.299999,21.360001,21.040001,21.280001,21.280001,3804663
2021-12-22,21.66,21.66,21.040001,21.059999,21.059999,2681996
2021-12-23,21.120001,21.26,20.799999,21.0,21.0,1264985
2021-12-27,20.4,20.860001,20.32,20.700001,20.700001,1280999
2021-12-28,21.0,21.1,20.84,21.1,21.1,1410210
2021-12-29,21.059999,21.059999,20.540001,20.6,20.6,2261106
2021-12-30,20.66,20.799999,20.6,20.700001,20.700001,1148498
2022-01-03,20.98,21.18,20.52,20.52,20.52,1968870
2022-01-04,20.66,20.719999,20.5,20.540001,20.540001,1117911
2022-01-05,20.74,20.76,20.559999,20.68,20.68,830110
2022-01-06,20.66,21.299999,20.52,21.24,21.24,2410823
2022-01-10,23.0,23.18,22.4,22.68,22.68,7590998
2022-01-11,22.68,23.24,22.5,22.940001,22.940001,4187583
2022-01-12,23.08,23.68,22.959999,23.26,23.26,3103233
2022-01-13,23.280001,23.440001,23.1,23.16,23.16,2510716
2022-01-17,23.540001,23.700001,23.379999,23.6,23.6,1470935
2022-01-18,23.639999,25.1,23.620001,24.58,24.58,7579171
2022-01-19,24.58,24.959999,24.24,24.6,24.6,2414035
2022-01-20,24.58,24.68,24.299999,24.4,24.4,1127804
2022-01-24,24.08,24.280001,23.82,23.879999,23.879999,1007331
2022-01-25,23.799999,24.0,23.6,24.0,24.0,992167
2022-01-26,24.0,24.26,24.0,24.059999,24.059999,816831
2022-01-27,24.059999,24.059999,24.059999,24.059999,24.059999,0
2022-01-31,24.200001,24.48,24.040001,24.24,24.24,2312789
2022-02-01,24.139999,24.219999,24.0,24.02,24.02,1545862
2022-02-02,24.02,24.200001,23.959999,24.040001,24.040001,1112045
2022-02-03,24.0,24.059999,23.92,24.0,24.0,495556
2022-02-07,24.68,24.9,24.4,24.4,24.4,2278590
2022-02-08,24.360001,24.4,23.98,24.0,24.0,1432918
2022-02-09,24.1,24.5,24.0,24.1,24.1,944722
2022-02-10,24.24,24.26,23.98,24.1,24.1,1026651
2022-02-11,24.24,24.26,23.98,24.1,24.1,1026323
2022-02-14,23.16,23.58,22.780001,23.52,23.52,1928375
2022-02-15,23.5,23.98,23.299999,23.84,23.84,1688327
2022-02-16,23.84,24.139999,23.700001,23.84,23.84,1890749
2022-02-17,23.940001,23.940001,23.360001,23.440001,23.440001,1648190
2022-02-18,23.94,23.94,23.36,23.44,23.44,1648190
2022-02-21,22.700001,23.299999,22.700001,22.879999,22.879999,1406984
2022-02-22,22.7,23.3,22.7,22.88,22.88,1405549
2022-02-23,22.879999,23.360001,22.700001,23.02,23.02,1710139
2022-02-24,22.66,23.1,22.299999,22.879999,22.879999,2993709
2022-02-25,22.66,23.1,22.3,22.88,22.88,2993709
2022-02-28,23.5,24.620001,23.440001,24.5,24.5,5057909
2022-03-01,24.5,25.549999,24.4,25.450001,25.450001,7620279
2022-03-02,25.5,25.9,24.639999,24.719999,24.719999,5538727
2022-03-03,25.0,25.5,24.719999,24.799999,24.799999,6715247
2022-03-04,25.0,25.5,24.72,24.8,24.8,6715247
2022-03-07,26.950001,27.25,26.1,26.4,26.4,6468771
2022-03-08,26.4,29.0,25.799999,28.9,28.9,14441223
2022-03-09,28.9,28.9,26.75,27.25,27.25,14605166
2022-03-10,27.200001,27.65,26.700001,26.950001,26.950001,3661675
2022-03-11,27.2,27.65,26.7,26.95,26.95,3661675
2022-03-14,26.6,26.65,25.200001,25.4,25.4,4363938
2022-03-15,25.15,26.200001,25.049999,25.6,25.6,3311574
2022-03-16,25.75,26.6,25.5,26.200001,26.200001,2331457
2022-03-17,26.200001,27.200001,25.9,26.950001,26.950001,4502472
2022-03-18,26.2,27.2,25.9,26.95,26.95,4501472
2022-03-21,27.0,27.35,26.6,26.85,26.85,2988735
2022-03-22,26.950001,27.799999,26.6,27.6,27.6,4394081
2022-03-23,27.799999,28.700001,27.4,28.25,28.25,5300107
2022-03-24,28.35,29.950001,28.299999,29.450001,29.450001,7185615
2022-03-25,28.35,29.95,28.3,29.45,29.45,7185615
2022-03-28,29.6,30.15,29.200001,29.35,29.35,3343387
2022-03-29,29.450001,29.85,28.700001,28.9,28.9,3457941
2022-03-30,28.950001,29.5,28.700001,29.299999,29.299999,2237211
2022-03-31,29.25,29.25,28.0,28.25,28.25,2734707
2022-04-04,29.049999,29.049999,29.049999,29.049999,29.049999,0
2022-04-05,29.1,30.299999,29.1,29.9,29.9,4202112
2022-04-06,30.0,30.450001,29.200001,29.549999,29.549999,3003813
2022-04-07,29.1,29.450001,28.9,29.299999,29.299999,1927461
2022-04-08,29.1,29.45,28.9,29.3,29.3,1927271
2022-04-11,29.1,29.299999,28.85,29.1,29.1,2008254
2022-04-12,28.950001,29.1,28.75,29.049999,29.049999,1434065
2022-04-13,29.049999,29.799999,28.700001,29.15,29.15,2413578
2022-04-14,29.4,30.200001,29.25,30.15,30.15,2649310
2022-04-18,31.950001,32.0,30.6,30.75,30.75,4625209
2022-04-19,30.799999,31.1,30.1,30.1,30.1,3319624
2022-04-20,30.049999,30.299999,29.5,30.200001,30.200001,2194254
2022-04-21,30.049999,30.200001,29.4,29.4,29.4,1727040
2022-04-25,27.6,28.200001,26.25,26.75,26.75,4478536
2022-04-26,26.0,27.15,24.940001,27.1,27.1,6922313
2022-04-27,27.1,28.0,26.700001,27.85,27.85,2049807
2022-04-28,27.950001,29.1,27.85,28.799999,28.799999,2261802
2022-05-09,31.1,31.1,29.799999,30.049999,30.049999,3731639
2022-05-10,29.700001,30.35,29.15,30.0,30.0,2616820
2022-05-11,30.049999,30.75,29.9,29.950001,29.950001,2291533
2022-05-12,29.950001,30.049999,28.1,28.35,28.35,3725815
2022-05-16,27.9,28.1,26.950001,27.049999,27.049999,2706847
2022-05-17,27.0,28.049999,26.950001,27.799999,27.799999,3314275
2022-05-18,27.799999,27.799999,27.799999,27.799999,27.799999,0
2022-05-19,25.25,25.65,23.9,23.9,23.9,8522669
2022-05-23,23.0,23.26,22.6,22.620001,22.620001,3738360
2022-05-24,22.76,22.92,22.6,22.879999,22.879999,2118326
2022-05-25,23.040001,24.1,23.0,23.780001,23.780001,2989713
2022-05-26,23.92,25.0,23.379999,23.559999,23.559999,4725074
2022-05-30,23.799999,25.299999,23.700001,25.299999,25.299999,4853614
2022-05-31,25.299999,27.200001,24.9,27.200001,27.200001,6182539
2022-06-01,27.049999,28.15,26.4,26.9,26.9,5333829
2022-06-02,26.75,27.0,25.65,25.65,25.65,2165479
2022-06-06,26.0,26.299999,25.700001,25.75,25.75,1878346
2022-06-07,25.799999,26.0,25.299999,25.299999,25.299999,2360187
2022-06-08,25.450001,27.700001,25.35,27.0,27.0,10562946
2022-06-09,20.379999,20.799999,19.6,20.799999,20.799999,8202036
2022-06-13,20.6,20.799999,19.280001,20.1,20.1,7220350
2022-06-14,20.0,20.040001,18.6,19.58,19.58,5649293
2022-06-15,19.459999,19.5,18.42,18.42,18.42,2536370
2022-06-16,18.4,19.200001,17.799999,17.84,17.84,2947862
2022-06-20,16.84,17.0,15.66,15.68,15.68,4632012
2022-06-21,16.0,17.24,15.8,17.24,17.24,3426853
2022-06-22,17.6,18.959999,17.280001,18.0,18.0,7525066
2022-06-23,18.440001,18.5,16.540001,17.34,17.34,3978458
2022-06-27,17.620001,17.9,17.299999,17.32,17.32,3348422
2022-06-28,17.32,17.52,16.9,17.26,17.26,2299507
2022-06-29,17.26,17.6,17.0,17.6,17.6,2251406
2022-06-30,17.48,17.5,17.059999,17.059999,17.059999,1879897
2022-07-04,17.1,17.459999,16.76,17.08,17.08,1901399
2022-07-05,17.08,17.799999,17.08,17.299999,17.299999,3056000
2022-07-06,17.0,17.700001,16.98,17.700001,17.700001,4801192
2022-07-13,17.52,19.16,17.48,18.1,18.1,6867504
2022-07-14,18.280001,18.58,17.26,17.440001,17.440001,3482172
2022-07-18,17.48,17.84,17.34,17.799999,17.799999,3502937
2022-07-19,17.799999,18.1,17.48,17.799999,17.799999,9202319
2022-07-20,17.879999,18.1,17.4,17.620001,17.620001,5298660
2022-07-21,17.620001,17.9,17.459999,17.799999,17.799999,2692654
2022-07-25,17.799999,17.98,17.66,17.799999,17.799999,2358617
2022-07-26,17.879999,18.559999,17.780001,18.5,18.5,10441765
2022-07-27,18.52,18.6,18.18,18.52,18.52,4266861
2022-07-28,18.6,18.66,18.24,18.299999,18.299999,3286742
2022-08-01,18.559999,18.84,18.4,18.780001,18.780001,3128028
2022-08-02,18.74,18.76,18.5,18.6,18.6,2538894
2022-08-03,18.58,18.620001,18.139999,18.24,18.24,3264841
2022-08-04,18.24,18.360001,18.200001,18.360001,18.360001,1509544
2022-08-08,18.700001,18.879999,18.459999,18.66,18.66,2900177
2022-08-09,18.6,18.74,18.42,18.68,18.68,1946895
2022-08-10,18.68,18.74,18.459999,18.700001,18.700001,4198490
2022-08-11,18.700001,18.92,18.66,18.719999,18.719999,3804727
2022-08-15,18.0,18.66,17.799999,18.66,18.66,21475608
2022-08-16,18.700001,19.059999,18.34,18.360001,18.360001,17791938
2022-08-17,18.440001,18.68,18.4,18.42,18.42,6594626
2022-08-18,18.5,18.559999,18.360001,18.360001,18.360001,6077844
2022-08-22,18.18,18.379999,17.98,18.379999,18.379999,5807289
2022-08-23,18.26,18.299999,17.879999,17.9,17.9,6396233
2022-08-24,17.9,17.959999,17.6,17.879999,17.879999,8012438
2022-08-25,17.959999,18.16,17.879999,18.059999,18.059999,5586929
2022-08-29,17.9,18.280001,17.9,18.08,18.08,6444388
2022-08-30,18.200001,18.360001,18.08,18.08,18.08,6233995
2022-08-31,18.08,18.139999,17.32,17.32,17.32,8308213
2022-09-01,17.4,17.48,17.200001,17.26,17.26,5845511
2022-09-05,17.18,17.18,16.799999,16.799999,16.799999,7650375
2022-09-06,16.959999,16.959999,16.120001,16.280001,16.280001,10580461
2022-09-07,16.18,16.360001,15.9,16.0,16.0,10230075
2022-09-08,16.059999,16.120001,15.68,15.78,15.78,10092880
2022-09-12,15.68,15.7,15.44,15.58,15.58,7447916
2022-09-13,15.62,16.1,15.58,16.1,16.1,17731929
2022-09-14,15.78,15.9,15.68,15.74,15.74,14413835
2022-09-15,15.8,15.86,15.42,15.44,15.44,11386125
2022-09-19,14.56,14.72,14.14,14.18,14.18,9969092
2022-09-20,14.36,14.66,14.16,14.36,14.36,10425784
2022-09-21,14.22,14.42,13.8,13.96,13.96,13477756
2022-09-26,13.5,13.7,13.18,13.38,13.38,10207134
2022-09-27,13.46,13.62,13.24,13.44,13.44,10436914
2022-09-28,13.48,14.0,13.32,13.88,13.88,13732184
2022-09-29,14.0,14.08,13.72,13.72,13.72,11972726
2022-10-03,13.98,14.48,13.98,14.28,14.28,10789851
2022-10-04,14.28,14.28,14.28,14.28,14.28,0
2022-10-05,15.2,15.22,14.72,14.92,14.92,13847739
2022-10-06,15.04,15.26,14.9,15.1,15.1,10274444
2022-10-10,14.84,14.94,14.48,14.7,14.7,9396231
2022-10-11,14.8,14.86,14.6,14.64,14.64,6162367
2022-10-12,14.74,14.76,14.48,14.5,14.5,5818998
2022-10-13,14.5,14.54,14.22,14.32,14.32,5666111
2022-10-17,14.32,14.46,14.26,14.4,14.4,3848532
2022-10-18,14.46,14.56,14.38,14.42,14.42,4407358
2022-10-19,14.44,14.62,14.34,14.42,14.42,7207812
2022-10-20,14.46,14.62,14.44,14.46,14.46,5697415
2022-10-24,14.5,14.54,14.3,14.32,14.32,6519979
2022-10-25,14.34,14.36,14.06,14.1,14.1,6373845
2022-10-26,14.06,14.06,13.78,13.78,13.78,6024284
2022-10-27,13.74,13.88,13.42,13.42,13.42,5930178
2022-10-31,13.64,13.64,13.64,13.64,13.64,0
2022-11-01,12.6,12.76,12.28,12.28,12.28,16768163
2022-11-02,12.0,12.46,11.82,12.22,12.22,11031691
2022-11-03,12.2,12.26,11.98,12.14,12.14,6106279
2022-11-07,12.3,12.3,12.0,12.04,12.04,4409389
2022-11-08,12.08,12.08,11.64,11.74,11.74,5730613
2022-11-09,11.76,11.82,11.28,11.46,11.46,6918509
2022-11-10,11.38,11.38,11.0,11.0,11.0,8230885
2022-11-14,11.2,11.28,10.86,11.28,11.28,5431693
2022-11-15,11.28,11.48,11.16,11.48,11.48,4892544
2022-11-16,11.4,11.58,11.22,11.36,11.36,6039904
2022-11-17,11.38,11.6,11.3,11.56,11.56,5168901
2022-11-21,11.32,11.36,11.08,11.2,11.2,3130979
2022-11-22,11.2,11.34,11.12,11.32,11.32,1520196
2022-11-24,11.34,11.34,11.0,11.08,11.08,3443037
2022-11-28,10.8,10.98,10.62,10.76,10.76,5103039
2022-11-29,10.78,10.82,10.32,10.36,10.36,7335281
2022-11-30,10.36,10.4,10.12,10.24,10.24,8514531
2022-12-01,10.38,10.8,10.3,10.58,10.58,8850943
2022-12-05,10.64,10.72,10.46,10.54,10.54,5218544
2022-12-06,10.54,10.92,10.42,10.9,10.9,7652643
2022-12-07,10.94,11.1,10.68,10.68,10.68,6204159
2022-12-08,10.74,10.78,10.56,10.74,10.74,5528195
2022-12-12,10.5,10.5,10.16,10.26,10.26,4866793
2022-12-13,10.32,10.62,10.28,10.58,10.58,4869378
2022-12-14,10.66,10.98,10.6,10.78,10.78,7688154
2022-12-15,10.78,10.98,10.64,10.82,10.82,5844245
2022-12-19,11.0,11.04,10.58,10.58,10.58,6215731
2022-12-20,10.56,10.76,10.46,10.76,10.76,5404877
2022-12-21,10.8,10.88,10.72,10.76,10.76,3481733
2022-12-22,10.84,10.86,10.7,10.7,10.7,2449549
2022-12-26,10.58,10.7,10.52,10.62,10.62,2287977
2022-12-27,10.66,10.7,10.58,10.7,10.7,1968858
2022-12-28,10.72,10.78,10.62,10.76,10.76,2865613
2022-12-29,10.76,10.76,10.62,10.68,10.68,3965256
2023-01-02,10.8,11.16,10.74,11.1,11.1,5576754
2023-01-03,11.1,11.1,11.1,11.1,11.1,0
2023-01-04,11.18,11.18,11.02,11.04,11.04,4841265
2023-01-05,11.02,11.06,10.9,10.96,10.96,3401656
2023-01-09,10.98,11.12,10.96,11.12,11.12,3636969
2023-01-10,11.18,11.18,11.04,11.04,11.04,2881707
2023-01-11,11.08,11.26,11.02,11.22,11.22,5059776
2023-01-12,11.22,11.28,11.1,11.16,11.16,3899891
2023-01-16,11.06,11.06,10.94,11.0,11.0,2446134
2023-01-17,11.0,11.0,10.8,10.94,10.94,3863687
2023-01-18,11.0,11.0,10.8,10.94,10.94,3863687
2023-01-19,11.0,11.02,10.9,10.96,10.96,3266614
2023-01-23,11.16,11.2,11.06,11.08,11.08,3262981
2023-01-24,11.1,11.2,11.1,11.18,11.18,2527838
2023-01-25,11.2,11.34,11.1,11.2,11.2,4851392
2023-01-26,11.22,11.3,11.2,11.28,11.28,2338844
2023-01-30,11.24,11.24,11.02,11.1,11.1,2729589
2023-01-31,11.08,11.18,11.06,11.14,11.14,1859927
2023-02-01,11.14,11.34,11.12,11.34,11.34,4608029
2023-02-02,11.38,11.62,11.36,11.56,11.56,7388382
2023-02-06,11.3,11.38,11.14,11.34,11.34,3206328
2023-02-07,11.38,11.4,11.22,11.22,11.22,1917587
2023-02-08,11.2,11.38,11.2,11.32,11.32,2355133
2023-02-09,11.3,11.32,11.2,11.26,11.26,2129132
2023-02-13,11.18,11.22,11.14,11.2,11.2,1480598
2023-02-14,11.22,11.22,11.08,11.18,11.18,1431781
2023-02-15,11.14,11.2,11.08,11.16,11.16,1157028
2023-02-16,11.12,11.3,11.1,11.24,11.24,2410149
2023-02-20,11.18,11.22,10.94,10.96,10.96,1795356
2023-02-21,10.96,10.96,10.86,10.9,10.9,1312016
2023-02-23,10.8,10.8,10.62,10.64,10.64,1597891
2023-02-27,10.16,10.3,10.12,10.2,10.2,2535238
2023-02-28,10.2,10.36,10.14,10.16,10.16,4725011
2023-03-01,10.16,10.24,10.16,10.2,10.2,1860
2023-03-02,10.24,10.28,10.2,10.22,10.22,5000
2023-03-06,10.3,10.3,10.3,10.3,10.3,0
2023-03-07,10.3,10.3,10.3,10.3,10.3,0
2023-03-08,10.3,10.3,10.2,10.2,10.2,3837
2023-03-09,10.2,10.2,10.2,10.2,10.2,0
2023-03-13,10.18,10.18,10.18,10.18,10.18,0
2023-03-14,10.2,10.28,10.12,10.18,10.18,8200
2023-03-15,9.3,9.85,9.28,9.64,9.64,2444
2023-03-16,9.64,9.79,9.47,9.47,9.47,14930
2023-03-20,9.76,9.76,9.61,9.67,9.67,3147
2023-03-21,9.7,9.84,9.7,9.82,9.82,5000
2023-03-22,9.83,9.95,9.81,9.91,9.91,2477
2023-03-23,9.9,9.9,9.85,9.9,9.9,9732
2023-03-27,9.9,9.9,9.9,9.9,9.9,0
2023-03-28,9.9,9.9,9.9,9.9,9.9,0
2023-03-29,10.08,10.1,9.97,10.0,10.0,2611
2023-03-30,10.06,10.08,9.98,10.08,10.08,2890
2023-04-03,10.4,10.44,10.36,10.42,10.42,2500
2023-04-04,10.52,11.06,10.5,11.02,11.02,2013
2023-04-05,11.14,11.18,11.0,11.04,11.04,1984
2023-04-06,11.04,11.16,10.98,11.1,11.1,2156
2023-04-10,11.2,11.22,10.82,10.88,10.88,10000
2023-04-11,10.82,10.9,10.7,10.72,10.72,2000
2023-04-12,10.7,10.88,10.7,10.88,10.88,2038
2023-04-13,10.88,11.04,10.8,11.0,11.0,1596
2023-04-17,11.02,11.12,10.98,11.02,11.02,2955055
2023-04-25,11.04,11.12,11.04,11.1,11.1,12428
2023-04-26,11.1,11.34,11.08,11.32,11.32,10000
2023-04-27,11.32,11.38,11.16,11.16,11.16,10200
2023-05-01,11.16,11.16,11.16,11.16,11.16,0
2023-05-02,11.18,11.18,11.04,11.06,11.06,1500
2023-05-03,11.02,11.02,10.84,10.94,10.94,3846
2023-05-04,10.84,10.94,10.82,10.94,10.94,2100
2023-05-08,11.06,11.1,11.0,11.1,11.1,1406
2023-05-09,11.08,11.14,11.02,11.06,11.06,4000
2023-05-10,11.08,11.08,10.94,11.04,11.04,1360
2023-05-11,11.0,11.14,10.82,11.02,11.02,3338
2023-05-15,10.96,11.02,10.92,10.94,10.94,1500
2023-05-16,10.94,11.14,10.94,11.14,11.14,6000
2023-05-17,11.18,11.3,11.16,11.28,11.28,1331
2023-05-18,11.32,11.44,11.22,11.22,11.22,1579
2023-05-22,11.32,11.4,11.24,11.28,11.28,4423
2023-05-23,11.28,11.3,11.16,11.18,11.18,1543
2023-05-24,11.18,11.18,11.1,11.14,11.14,3715
2023-05-25,11.14,11.14,11.04,11.1,11.1,1381
2023-05-29,11.14,11.22,11.1,11.12,11.12,2000
2023-05-30,11.1,11.16,11.08,11.1,11.1,10000
2023-05-31,11.08,11.08,10.92,11.0,11.0,2000
2023-06-01,11.0,11.26,11.0,11.12,11.12,1500
2023-06-05,11.18,11.38,11.18,11.38,11.38,2175
2023-06-06,11.38,11.38,11.22,11.3,11.3,2000
2023-06-07,11.3,11.38,11.26,11.28,11.28,4869
2023-06-08,11.0,11.26,11.0,11.12,11.12,2142
2023-06-12,11.22,12.3,11.22,12.22,12.22,2749
2023-06-13,11.62,11.78,11.4,11.54,11.54,2106
2023-06-14,11.5,11.58,11.36,11.44,11.44,1704
2023-06-15,11.46,11.86,11.46,11.64,11.64,5153
2023-06-19,11.88,11.92,11.5,11.5,11.5,4244065
2023-06-20,11.5,11.84,11.48,11.78,11.78,3201621
2023-06-21,11.78,11.8,11.6,11.64,11.64,2246286
2023-06-22,11.6,11.66,11.42,11.5,11.5,2647705
2023-07-03,11.5,11.52,11.24,11.28,11.28,3227845
2023-07-04,11.3,11.38,11.22,11.36,11.36,2548153
2023-07-05,11.36,11.36,11.2,11.22,11.22,2060690
2023-07-06,11.22,11.4,11.16,11.38,11.38,2800110
2023-07-10,11.42,11.46,11.26,11.26,11.26,2054969
2023-07-11,11.28,11.36,11.22,11.34,11.34,2678277
2023-07-12,11.32,11.34,11.24,11.28,11.28,1405269
2023-07-13,11.26,11.3,11.08,11.1,11.1,2890063
2023-07-17,11.04,11.12,10.92,11.12,11.12,3465710
2023-07-18,11.1,11.1,10.94,10.98,10.98,2929032
2023-07-19,10.98,11.0,10.62,10.66,10.66,4302090
2023-07-20,10.7,10.7,10.44,10.52,10.52,3180622
2023-07-24,10.64,10.7,10.52,10.6,10.6,1934472
2023-07-25,10.64,10.66,10.48,10.56,10.56,1552950
2023-07-26,10.56,10.62,10.44,10.58,10.58,2259819
2023-07-27,10.58,10.58,10.52,10.52,10.52,1118898
2023-07-31,10.48,10.5,10.34,10.4,10.4,2055277
2023-08-01,10.4,10.46,10.34,10.38,10.38,1378547
2023-08-02,10.4,10.42,10.24,10.26,10.26,1801181
2023-08-03,10.2,10.5,10.2,10.44,10.44,1893040
2023-08-07,10.3,10.36,10.04,10.18,10.18,1787431
2023-08-08,10.02,10.24,9.99,10.16,10.16,3398674
2023-08-09,10.12,10.4,10.08,10.26,10.26,1940375
2023-08-10,10.3,10.5,10.28,10.38,10.38,2124398
2023-08-14,10.44,10.44,10.32,10.38,10.38,1269211
2023-08-15,10.42,10.42,10.16,10.22,10.22,1594097
2023-08-16,10.18,10.46,10.16,10.44,10.44,1564499
2023-08-17,10.4,10.44,10.32,10.34,10.34,853027
2023-08-21,10.64,10.64,10.36,10.36,10.36,2198493
2023-08-22,10.34,10.44,10.32,10.4,10.4,1018853
2023-08-23,10.4,10.52,10.36,10.36,10.36,1468074
2023-08-24,10.4,10.6,10.4,10.48,10.48,1704296
2023-08-27,10.52,10.6,10.48,10.52,10.52,963032
2023-08-28,10.52,10.64,10.5,10.52,10.52,1462851
2023-08-29,10.5,10.54,10.44,10.48,10.48,848000
2023-08-30,10.5,10.58,10.48,10.56,10.56,856487
2023-08-31,10.58,10.6,10.32,10.32,10.32,2592531
2023-09-03,10.34,10.5,10.34,10.46,10.46,1237469
2023-09-04,10.48,10.54,10.32,10.4,10.4,1869123
2023-09-05,10.42,10.42,10.32,10.32,10.32,1365773
2023-09-06,10.32,10.38,10.22,10.3,10.3,988173
2023-09-07,10.26,10.32,10.2,10.24,10.24,730965
2023-09-10,10.24,10.24,10.24,10.24,10.24,0
2023-09-11,10.24,10.44,10.2,10.4,10.4,1681367
2023-09-12,10.44,10.66,10.42,10.62,10.62,4301320
2023-09-13,10.6,10.62,10.44,10.54,10.54,1715875
2023-09-14,10.54,10.62,10.46,10.62,10.62,1652129
2023-09-17,10.62,10.62,10.62,10.62,10.62,0
2023-09-18,10.66,10.74,10.44,10.5,10.5,2037039
2023-09-19,10.52,10.56,10.38,10.44,10.44,1403475
2023-09-20,10.42,10.72,10.4,10.68,10.68,3325978
2023-09-21,10.7,10.72,10.58,10.7,10.7,1264249
2023-09-25,10.66,10.96,10.62,10.8,10.8,5332899
2023-09-26,10.82,10.96,10.6,10.78,10.78,3466439
2023-09-27,10.74,10.88,10.74,10.76,10.76,1360631
2023-09-28,10.8,10.86,10.68,10.84,10.84,1216964
2023-10-01,10.84,10.84,10.84,10.84,10.84,0
2023-10-02,10.6,10.76,10.56,10.56,10.56,1630203
2023-10-03,10.5,10.58,10.48,10.48,10.48,1127911
2023-10-04,10.48,10.54,10.42,10.42,10.42,864083
2023-10-05,10.4,10.54,10.36,10.54,10.54,1159088
2023-10-08,10.46,10.48,10.36,10.4,10.4,1112777
2023-10-09,10.36,10.52,10.26,10.26,10.26,1440535
2023-10-10,10.32,10.36,10.2,10.2,10.2,1058641
2023-10-11,10.2,10.36,10.16,10.3,10.3,2038904
2023-10-12,10.34,10.34,10.16,10.32,10.32,1588311
2023-10-15,10.22,10.28,10.14,10.2,10.2,835791
2023-10-16,10.2,10.22,10.14,10.16,10.16,1053610
2023-10-17,10.18,10.24,10.16,10.24,10.24,1149644
2023-10-18,10.2,10.22,10.06,10.1,10.1,1208506
2023-10-19,10.1,10.16,10.0,10.16,10.16,1144434
2023-10-22,10.14,10.14,10.02,10.04,10.04,574729
2023-10-23,10.1,10.1,9.94,9.98,9.98,2084612
2023-10-24,10.0,10.04,9.71,9.82,9.82,1636834
2023-10-25,9.82,10.08,9.8,10.02,10.02,1042880
2023-10-26,10.02,10.06,9.93,9.95,9.95,737591
2023-10-29,9.9,9.95,9.8,9.8,9.8,1026871
2023-10-30,9.8,10.0,9.8,9.91,9.91,1093011
2023-10-31,9.9,10.14,9.9,10.08,10.08,1151077
2023-11-01,10.08,10.12,9.98,9.98,9.98,1080079
2023-11-02,10.04,10.1,9.99,10.0,10.0,1621562
2023-11-05,10.02,10.1,9.97,10.04,10.04,1472766
2023-11-06,10.02,10.1,9.94,10.0,10.0,1406729
2023-11-07,10.0,10.14,9.94,10.14,10.14,2026101
2023-11-08,10.08,10.16,9.96,9.96,9.96,1284569
2023-11-09,9.8,9.86,9.55,9.75,9.75,6363095
2023-11-12,9.73,9.75,9.61,9.61,9.61,1079169
2023-11-13,9.64,9.65,9.52,9.54,9.54,1347125
2023-11-14,9.55,9.62,9.55,9.56,9.56,972705
2023-11-15,9.61,9.8,9.5,9.8,9.8,2108680
2023-11-16,9.8,9.9,9.77,9.9,9.9,1625206
2023-11-19,9.88,9.99,9.87,9.97,9.97,892807
2023-11-20,10.0,10.16,9.97,10.16,10.16,2414574
2023-11-21,10.2,10.26,10.14,10.22,10.22,1738260
2023-11-22,10.22,10.3,10.2,10.3,10.3,1706805
2023-11-23,10.22,10.3,10.2,10.3,10.3,1706805
2023-11-26,10.4,10.56,10.32,10.5,10.5,1331356
2023-11-27,10.5,10.64,10.5,10.62,10.62,2043123
2023-11-28,10.62,10.72,10.62,10.72,10.72,1953615
2023-11-29,10.74,10.82,10.66,10.7,10.7,1553422
2023-11-30,10.66,10.9,10.5,10.9,10.9,9137344
2023-12-03,10.9,10.9,10.8,10.88,10.88,1109560
2023-12-04,10.88,10.92,10.74,10.92,10.92,2196732
2023-12-05,10.92,11.0,10.84,11.0,11.0,2133506
2023-12-06,11.0,11.06,10.9,11.0,11.0,1118390
2023-12-07,10.9,11.06,10.84,11.06,11.06,1175105
2023-12-10,10.92,11.06,10.92,11.0,11.0,586049
2023-12-11,10.96,11.0,10.6,10.66,10.66,2520815
2023-12-12,10.66,10.76,10.52,10.74,10.74,1165884
2023-12-13,10.7,10.82,10.58,10.8,10.8,1221140
2023-12-14,10.66,10.9,10.64,10.9,10.9,2087237
2023-12-17,10.88,10.9,10.72,10.76,10.76,511320
2023-12-18,10.76,10.8,10.66,10.7,10.7,743240
2023-12-19,10.66,10.76,10.56,10.58,10.58,927082
2023-12-20,10.58,10.64,10.52,10.64,10.64,737794
2023-12-21,10.6,10.62,10.5,10.62,10.62,626535
2023-12-24,10.62,10.62,10.48,10.5,10.5,890465
2023-12-25,10.54,10.54,10.44,10.48,10.48,895123
2023-12-26,10.56,10.58,10.48,10.52,10.52,906477
2023-12-27,10.54,10.54,10.28,10.32,10.32,2681013
2023-12-28,10.36,10.42,10.3,10.42,10.42,1262358
2023-12-31,10.36,10.38,10.3,10.34,10.34,1162404
2024-01-01,10.36,10.38,10.32,10.38,10.38,1875328
2024-01-02,10.38,10.5,10.34,10.5,10.5,1659598
2024-01-03,10.5,10.6,10.32,10.34,10.34,2043935
2024-01-04,10.32,10.38,10.3,10.34,10.34,1956790
2024-01-07,10.36,10.42,10.3,10.32,10.32,1432233
2024-01-08,10.36,10.38,10.3,10.32,10.32,1483798
2024-01-09,10.32,10.44,10.18,10.24,10.24,3282530
2024-01-10,10.24,10.26,10.04,10.06,10.06,2077993
2024-01-11,10.08,10.12,10.0,10.02,10.02,1751071
2024-01-14,10.02,10.22,10.0,10.14,10.14,1817413
2024-01-15,10.2,10.22,10.02,10.04,10.04,1880620
2024-01-16,10.02,10.06,9.98,10.0,10.0,3221423
2024-01-17,9.7,9.8,9.55,9.57,9.57,4557816
2024-01-18,9.53,9.59,9.37,9.45,9.45,2337600
2024-01-21,9.46,9.54,9.27,9.32,9.32,2424135
2024-01-22,9.32,9.42,9.32,9.41,9.41,1768250
2024-01-23,9.41,9.42,9.2,9.21,9.21,2247646
2024-01-24,9.2,9.22,9.13,9.22,9.22,1842695
2024-01-25,9.23,9.25,9.1,9.11,9.11,2269369
2024-01-28,9.11,9.14,9.08,9.11,9.11,2050962
2024-01-29,9.13,9.38,9.1,9.38,9.38,3070933
2024-01-30,9.38,9.38,9.04,9.07,9.07,2563129
2024-01-31,9.07,9.16,9.06,9.14,9.14,1500317
2024-02-01,9.12,9.12,9.05,9.09,9.09,1412035
2024-02-04,9.09,9.17,9.06,9.11,9.11,938382
2024-02-05,9.12,9.13,9.01,9.07,9.07,1272490
2024-02-06,9.08,9.1,9.0,9.08,9.08,1945676
2024-02-07,9.05,9.05,8.99,9.02,9.02,1701178
2024-02-08,9.02,9.02,8.87,8.88,8.88,2212401
2024-02-11,8.88,8.91,8.79,8.82,8.82,1782222
2024-02-12,8.82,8.96,8.78,8.96,8.96,1764942
2024-02-13,8.95,8.95,8.82,8.88,8.88,2116426
2024-02-14,8.88,8.89,8.81,8.84,8.84,1933566
2024-02-15,8.84,9.03,8.83,8.93,8.93,2782675
2024-02-18,8.94,9.13,8.93,9.05,9.05,3055154
2024-02-19,9.04,9.08,8.93,8.95,8.95,2292122
2024-02-20,8.95,8.97,8.8,8.84,8.84,3558323
2024-02-21,8.85,8.88,8.8,8.81,8.81,2006439
2024-02-25,8.82,8.86,8.8,8.85,8.85,1514620
2024-02-26,8.82,8.85,8.62,8.62,8.62,3409279
2024-02-27,8.66,8.73,8.62,8.7,8.7,2037706
2024-02-28,8.7,8.99,8.69,8.99,8.99,4400342
2024-02-29,9.0,9.0,8.27,8.27,8.27,48159856
2024-03-03,8.37,8.45,8.17,8.19,8.19,6815668
2024-03-04,8.2,8.21,7.9,7.9,7.9,8781941
2024-03-05,7.9,8.0,7.87,7.97,7.97,3406141
2024-03-06,7.98,8.04,7.94,8.01,8.01,2887251
2024-03-07,8.02,8.03,7.91,7.92,7.92,2737735
2024-03-10,7.94,8.03,7.91,8.0,8.0,2180230
2024-03-11,8.0,8.05,7.9,7.9,7.9,2947563
2024-03-12,7.92,8.03,7.89,8.0,8.0,3005943
2024-03-13,8.0,8.02,7.95,7.96,7.96,1814266
2024-03-14,7.97,8.04,7.85,7.97,7.97,3767426
2024-03-17,7.99,7.99,7.9,7.98,7.98,1716511
2024-03-18,7.98,8.0,7.92,7.99,7.99,2548142
2024-03-19,8.0,8.0,7.92,7.96,7.96,2693996
2024-03-20,7.96,8.1,7.95,7.98,7.98,4339455
2024-03-21,8.0,8.03,7.89,7.92,7.92,3889204
2024-03-24,7.92,7.96,7.89,7.94,7.94,2047099
2024-03-25,7.92,7.92,7.64,7.67,7.67,6409509
2024-03-26,7.67,7.68,7.45,7.5,7.5,3958493
2024-03-27,7.5,7.6,7.5,7.55,7.55,2262122
2024-03-28,7.56,7.58,7.38,7.4,7.4,23493562
2024-03-31,7.4,7.68,7.33,7.53,7.53,4115281
2024-04-01,7.53,7.58,7.35,7.42,7.42,1903999
2024-04-02,7.42,7.62,7.4,7.53,7.53,5570141
2024-04-03,7.54,7.86,7.53,7.83,7.83,5919875
2024-04-04,7.9,7.9,7.66,7.69,7.69,4612115
2024-04-14,7.6,7.73,7.5,7.7,7.7,1469078
2024-04-15,7.71,7.8,7.71,7.74,7.74,1689584
2024-04-16,7.75,7.76,7.5,7.56,7.56,4076511
2024-04-17,7.6,7.6,7.47,7.53,7.53,1612899
2024-04-18,7.54,7.69,7.49,7.69,7.69,3914311
2024-04-21,7.68,7.71,7.6,7.61,7.61,1556403
2024-04-22,7.6,7.62,7.43,7.44,7.44,2974182
2024-04-23,7.45,7.51,7.4,7.44,7.44,1974668
2024-04-24,7.43,7.46,7.3,7.36,7.36,2096885
2024-04-25,7.34,7.39,7.3,7.35,7.35,1044220
2024-04-28,7.35,7.44,7.35,7.41,7.41,987535
2024-04-29,7.41,7.59,7.38,7.52,7.52,3061969
2024-04-30,7.54,7.56,7.45,7.54,7.54,1771385
2024-05-01,7.54,7.62,7.51,7.56,7.56,1621661
2024-05-02,7.56,7.58,7.5,7.52,7.52,922357
2024-05-05,7.52,7.55,7.48,7.52,7.52,1787604
2024-05-06,7.53,7.53,7.45,7.48,7.48,830737
2024-05-07,7.5,7.5,7.37,7.4,7.4,1657274
2024-05-08,7.41,7.43,7.35,7.36,7.36,882252
